date,horizon,tbill_3m,tbill_6m,tbill_1y,tnote_2y,tnote_3y,tnote_5y,tnote_7y,tnote_10y,tnote_30y
1982-12-31,1,7.5,,,9.3,,10.0,,10.2,10.3
1982-12-31,3,7.7,,,9.5,,9.7,,10.0,10.25
1982-12-31,5,7.9,,,9.25,,9.9,,10.0,10.149999999999999
1983-03-31,1,8.0,,,,9.7,,,10.4,10.6
1983-03-31,2,7.6,,,,9.4,,,10.1,10.4
1983-03-31,3,7.5,,,,9.25,,,10.0,10.3
1983-03-31,4,8.0,,,,9.350000000000001,,,10.149999999999999,10.350000000000001
1983-03-31,5,8.0,,,,9.5,,,10.1,10.5
1983-06-30,1,8.8,,,,10.0,,,10.6,10.9
1983-06-30,2,8.6,,,,10.0,,,10.55,10.8
1983-06-30,3,8.8,,,,10.0,,,10.5,10.7
1983-06-30,4,8.8,,,,10.1,,,10.45,10.7
1983-06-30,5,8.6,,,,10.0,,,10.4,10.6
1983-09-30,1,9.0,,,,10.8,,,11.3,11.4
1983-09-30,2,8.7,,,,10.7,,,11.1,11.3
1983-09-30,3,8.8,,,,10.5,,,11.1,11.3
1983-09-30,4,9.0,,,,10.7,,,11.4,11.5
1983-09-30,5,9.3,,,,10.8,,,11.5,11.7
1983-12-31,1,8.9,,,,11.0,,,,11.7
1983-12-31,2,9.0,,,,10.9,,,,11.6
1983-12-31,3,9.1,,,,11.0,,,,11.5
1983-12-31,4,9.350000000000001,,,,11.2,,,,11.8
1983-12-31,5,9.5,,,,11.4,,,,12.0
1984-03-31,1,9.6,,,,11.5,,,,12.5
1984-03-31,2,9.649999999999999,,,,11.6,,,,12.4
1984-03-31,3,9.8,,,,11.7,,,,12.4
1984-03-31,4,10.1,,,,11.9,,,,12.5
1984-03-31,5,10.2,,,,12.0,,,,12.7
1984-06-30,1,10.350000000000001,,,,13.0,,,,13.5
1984-06-30,2,10.8,,,,13.2,,,,13.7
1984-06-30,3,11.0,,,,13.3,,,,13.8
1984-06-30,4,11.2,,,,13.2,,,,13.8
1984-06-30,5,11.05,,,,13.0,,,,13.6
1984-09-30,1,10.5,,,,12.3,,,,12.4
1984-09-30,2,10.850000000000001,,,,12.6,,,,12.8
1984-09-30,3,11.1,,,,12.850000000000001,,,,13.0
1984-09-30,4,11.350000000000001,,,,12.8,,,,13.0
1984-09-30,5,10.850000000000001,,,,12.5,,,,12.55
1984-12-31,1,8.1,,,,10.5,,,,11.3
1984-12-31,2,8.8,,,,10.8,,,,11.6
1984-12-31,3,9.2,,,,11.1,,,,11.8
1984-12-31,4,9.3,,,,11.3,,,,11.8
1984-12-31,5,9.55,,,,11.45,,,,11.8
1985-03-31,1,8.7,,,,11.0,,,,11.9
1985-03-31,2,8.9,,,,11.1,,,,12.0
1985-03-31,3,9.0,,,,11.3,,,,11.9
1985-03-31,4,9.0,,,,11.3,,,,11.7
1985-03-31,5,9.0,,,,11.1,,,,11.5
1985-06-30,1,7.1,,,,9.4,,,,10.5
1985-06-30,2,7.3,,,,9.5,,,,10.5
1985-06-30,3,7.5,,,,9.6,,,,10.5
1985-06-30,4,7.8,,,,9.6,,,,10.7
1985-06-30,5,7.8,,,,9.5,,,,10.6
1985-09-30,1,7.2,,,,9.45,,,,10.5
1985-09-30,2,7.2,,,,9.55,,,,10.649999999999999
1985-09-30,3,7.5,,,,9.6,,,,10.8
1985-09-30,4,7.8,,,,9.7,,,,10.850000000000001
1985-09-30,5,7.8,,,,9.75,,,,10.9
1985-12-31,1,7.0,,,,8.5,,,,9.6
1985-12-31,2,7.0,,,,8.6,,,,9.55
1985-12-31,3,7.3,,,,8.7,,,,9.75
1985-12-31,4,7.25,,,,8.8,,,,9.850000000000001
1985-12-31,5,7.2,,,,8.8,,,,9.55
1986-03-31,1,6.5,,,,7.3,,,,8.0
1986-03-31,2,6.5,,,,7.45,,,,8.149999999999999
1986-03-31,3,6.5,,,,7.8,,,,8.350000000000001
1986-03-31,4,6.85,,,,7.7,,,,8.45
1986-03-31,5,6.95,,,,7.8,,,,8.45
1986-06-30,1,6.1,,,,7.2,,,,7.6
1986-06-30,2,6.1,,,,7.2,,,,7.7
1986-06-30,3,6.3,,,,7.15,,,,7.7
1986-06-30,4,6.3,,,,7.3,,,,7.8
1986-06-30,5,6.5,,,,7.45,,,,7.9
1986-09-30,1,5.3,,,,6.5,,,,7.5
1986-09-30,2,5.3,,,,6.6,,,,7.5
1986-09-30,3,5.5,,,,6.75,,,,7.6
1986-09-30,4,5.8,,,,7.0,,,,7.8
1986-09-30,5,5.9,,,,7.0,,,,7.7
1986-12-31,1,5.2,,,,6.4,,,,7.3
1986-12-31,2,5.1,,,,6.3,,,,7.2
1986-12-31,3,5.25,,,,6.5,,,,7.4
1986-12-31,4,5.55,,,,6.55,,,,7.6
1986-12-31,5,5.6,,,,6.7,,,,7.8
1987-03-31,1,5.5,,,,6.5,,,,7.5
1987-03-31,2,5.5,,,,6.6,,,,7.5
1987-03-31,3,5.65,,,,6.8,,,,7.65
1987-03-31,4,5.8,,,,6.9,,,,7.8
1987-03-31,5,5.8,,,,7.0,,,,7.9
1987-06-30,1,5.8,,,,7.7,,,,8.55
1987-06-30,2,6.0,,,,7.8,,,,8.649999999999999
1987-06-30,3,6.0,,,,7.8,,,,8.7
1987-06-30,4,6.1,,,,7.95,,,,8.8
1987-06-30,5,6.1,,,,8.0,,,,8.8
1987-09-30,1,6.5,,,,8.5,,,,9.5
1987-09-30,2,6.6,,,,8.7,,,,9.6
1987-09-30,3,6.65,,,,8.7,,,,9.649999999999999
1987-09-30,4,6.65,,,,8.8,,,,9.65
1987-09-30,5,6.55,,,,8.7,,,,9.649999999999999
1987-12-31,1,5.9,6.5,6.9,,7.8,8.4,8.8,8.9,9.0
1987-12-31,2,6.0,6.4,6.9,,7.75,8.4,8.8,8.95,9.1
1987-12-31,3,6.1,6.5,7.2,,7.9,8.5,8.9,9.0,9.2
1987-12-31,4,6.2,6.8,7.2,,8.0,8.7,9.0,9.2,9.3
1987-12-31,5,6.3,6.8,7.4,,8.0,8.7,9.0,9.2,9.45
1988-03-31,1,5.8,6.2,6.7,7.3,,7.9,8.3,8.5,8.7
1988-03-31,2,6.05,6.3,6.8,7.6,,8.2,8.5,8.7,8.8
1988-03-31,3,6.3,6.55,7.1,7.8,,8.3,8.7,8.9,9.1
1988-03-31,4,6.5,6.7,7.2,8.0,,8.5,8.9,9.0,9.2
1988-03-31,5,6.5,6.9,7.35,8.05,,8.649999999999999,9.0,9.1,9.350000000000001
1988-06-30,1,6.7,7.0,7.5,8.2,,8.7,8.9,9.1,9.3
1988-06-30,2,6.9,7.2,7.7,8.4,,8.8,9.2,9.3,9.5
1988-06-30,3,7.0,7.4,7.9,8.5,,9.0,9.3,9.5,9.7
1988-06-30,4,7.2,7.5,7.9,8.6,,9.0,9.4,9.6,9.7
1988-06-30,5,7.2,7.5,8.0,8.5,,8.9,9.3,9.4,9.6
1988-09-30,1,7.4,7.75,8.2,8.6,,8.9,9.1,9.3,9.4
1988-09-30,2,7.6,7.9,8.3,8.8,,9.2,9.4,9.6,9.7
1988-09-30,3,7.55,7.85,8.2,9.0,,9.25,9.5,9.55,9.649999999999999
1988-09-30,4,7.4,7.7,8.1,8.649999999999999,,8.9,9.2,9.2,9.4
1988-09-30,5,7.2,7.5,7.9,8.5,,8.7,9.0,9.1,9.05
1988-12-31,1,8.3,8.6,8.8,9.1,,9.1,9.2,9.2,9.2
1988-12-31,2,8.5,8.7,9.0,9.2,,9.3,9.3,9.3,9.4
1988-12-31,3,8.2,8.45,8.7,9.0,,9.1,9.3,9.2,9.4
1988-12-31,4,8.0,8.05,8.3,8.5,,8.8,8.9,9.0,9.1
1988-12-31,5,7.5,7.6,7.7,8.25,,8.4,8.6,8.8,8.95
1989-03-31,1,9.4,9.6,9.8,9.8,,9.7,9.6,9.5,9.3
1989-03-31,2,9.3,9.6,9.7,9.8,,9.6,9.6,9.5,9.3
1989-03-31,3,9.0,9.2,9.2,9.5,,9.3,9.350000000000001,9.4,9.2
1989-03-31,4,8.4,8.6,8.8,8.9,,8.9,8.9,9.0,9.0
1989-03-31,5,8.0,8.2,8.45,8.5,,8.6,8.7,8.8,8.9
1989-06-30,1,8.2,8.3,8.3,8.3,,8.2,8.2,8.2,8.1
1989-06-30,2,7.9,8.0,8.1,8.1,,8.1,8.1,8.1,8.0
1989-06-30,3,7.6,7.7,7.9,7.9,,8.0,8.0,8.0,8.0
1989-06-30,4,7.4,7.5,7.6,7.8,,7.9,7.9,8.0,8.0
1989-06-30,5,7.4,7.6,7.7,7.8,,7.9,7.9,8.0,8.0
1989-09-30,1,7.8,7.9,8.0,8.0,,8.0,8.0,8.0,8.0
1989-09-30,2,7.5,7.6,7.7,7.8,,7.7,7.9,7.9,8.0
1989-09-30,3,7.4,7.5,7.6,7.6,,7.7,7.7,7.8,7.9
1989-09-30,4,7.35,7.4,7.6,7.6,,7.7,7.8,7.8,7.95
1989-09-30,5,7.3,7.5,7.5,7.7,,7.8,7.9,8.0,8.0
1989-12-31,1,7.5,7.4,7.5,7.5,,7.6,7.6,7.6,7.7
1989-12-31,2,7.1,7.2,7.3,7.4,,7.4,7.5,7.6,7.6
1989-12-31,3,7.0,7.1,7.2,7.2,,7.35,7.4,7.5,7.6
1989-12-31,4,7.0,7.2,7.3,7.5,,7.5,7.6,7.7,7.8
1989-12-31,5,7.1,7.25,7.3,7.4,,7.5,7.3,7.5,7.8
1990-03-31,1,7.9,8.05,8.1,8.3,,8.4,8.4,8.4,8.4
1990-03-31,2,7.75,7.8,7.9,8.2,,8.2,8.3,8.3,8.350000000000001
1990-03-31,3,7.6,7.7,7.9,8.1,,8.2,8.3,8.3,8.3
1990-03-31,4,7.55,7.75,7.9,8.1,,8.2,8.3,8.3,8.3
1990-03-31,5,7.55,7.7,7.75,7.9,,8.0,8.2,8.2,8.3
1990-06-30,1,7.8,8.0,8.1,8.3,,8.4,8.4,8.5,8.5
1990-06-30,2,7.6,7.8,7.9,8.2,,8.2,8.3,8.3,8.3
1990-06-30,3,7.5,7.7,7.8,8.0,,8.1,8.1,8.1,8.2
1990-06-30,4,7.5,7.7,7.7,8.0,,8.1,8.1,8.2,8.2
1990-06-30,5,7.55,7.8,7.8,8.1,,8.25,8.2,8.3,8.2
1990-09-30,1,7.4,7.5,7.6,8.0,,8.4,8.6,8.8,8.9
1990-09-30,2,7.2,7.3,7.4,7.8,,8.2,8.45,8.6,8.7
1990-09-30,3,7.0,7.1,7.2,7.6,,8.0,8.2,8.3,8.5
1990-09-30,4,6.9,7.0,7.2,7.5,,7.9,8.05,8.2,8.3
1990-09-30,5,6.9,7.0,7.2,7.5,,7.9,8.1,8.2,8.2
1990-12-31,1,6.55,6.55,6.8,7.1,,7.5,7.7,7.9,8.0
1990-12-31,2,6.3,6.45,6.6,6.9,,7.3,7.5,7.7,7.8
1990-12-31,3,6.3,6.4,6.5,6.8,,7.2,7.4,7.5,7.7
1990-12-31,4,6.35,6.4,6.6,6.9,,7.3,7.4,7.5,7.8
1990-12-31,5,6.4,6.55,6.6,6.95,,7.3,7.6,7.8,7.95
1991-03-31,1,5.9,6.0,6.2,6.8,,7.45,7.7,7.9,8.0
1991-03-31,2,5.8,5.9,6.1,6.75,,7.4,7.6,7.7,7.9
1991-03-31,3,5.9,6.1,6.3,6.8,,7.45,7.7,7.8,7.9
1991-03-31,4,6.15,6.3,6.5,7.05,,7.6,7.8,7.9,8.05
1991-03-31,5,6.3,6.45,6.6,7.25,,7.75,8.0,8.05,8.149999999999999
1991-06-30,1,5.7,6.0,6.3,6.9,,7.7,8.0,8.2,8.4
1991-06-30,2,5.8,6.0,6.3,6.95,,7.7,8.0,8.1,8.3
1991-06-30,3,6.0,6.2,6.4,7.05,,7.8,8.1,8.25,8.4
1991-06-30,4,6.2,6.4,6.5,7.2,,7.9,8.1,8.2,8.4
1991-06-30,5,6.3,6.5,6.7,7.3,,8.1,8.3,8.4,8.5
1991-09-30,1,5.2,5.4,5.5,6.1,,7.0,7.3,7.5,7.8
1991-09-30,2,5.2,5.35,5.6,6.2,,7.0,7.3,7.6,7.85
1991-09-30,3,5.4,5.5,5.8,6.3,,7.15,7.4,7.7,7.9
1991-09-30,4,5.6,5.75,6.0,6.6,,7.3,7.6,7.8,8.05
1991-09-30,5,5.8,5.95,6.2,6.7,,7.45,7.7,7.9,8.1
1991-12-31,1,3.9,4.1,4.2,4.9,,6.0,6.5,7.0,7.5
1991-12-31,2,4.0,4.1,4.2,4.9,,6.0,6.5,6.9,7.4
1991-12-31,3,4.2,4.3,4.45,5.2,,6.2,6.6,7.0,7.5
1991-12-31,4,4.5,4.7,4.8,5.45,,6.2,6.7,7.2,7.7
1991-12-31,5,4.8,4.9,5.0,5.7,,6.5,6.95,7.35,7.8
1992-03-31,1,4.0,4.25,4.5,5.6,,6.7,7.1,7.4,7.9
1992-03-31,2,4.2,4.4,4.6,5.7,,6.8,7.2,7.5,7.9
1992-03-31,3,4.35,4.5,4.8,5.8,,7.0,7.3,7.6,7.95
1992-03-31,4,4.7,4.8,5.05,6.0,,7.1,7.4,7.75,8.1
1992-03-31,5,5.0,5.1,5.300000000000001,6.3,,7.2,7.5,7.95,8.2
1992-06-30,1,3.8,3.9,4.2,5.2,,6.6,7.0,7.3,7.8
1992-06-30,2,3.95,4.1,4.4,5.4,,6.7,7.1,7.3,7.8
1992-06-30,3,4.2,4.4,4.7,5.7,,6.9,7.2,7.5,7.9
1992-06-30,4,4.55,4.7,4.9,5.9,,7.0,7.3,7.6,8.0
1992-06-30,5,4.8,4.9,5.2,6.0,,7.2,7.45,7.7,8.149999999999999
1992-09-30,1,2.9,3.0,3.2,4.0,,5.4,6.0,6.5,7.35
1992-09-30,2,3.0,3.1,3.4,4.1,,5.5,6.1,6.5,7.4
1992-09-30,3,3.2,3.3,3.6,4.3,,5.7,6.2,6.7,7.45
1992-09-30,4,3.55,3.7,3.9,4.6,,5.9,6.5,6.9,7.6
1992-09-30,5,3.8499999999999996,4.1,4.2,5.0,,6.1,6.6,7.0,7.75
1992-12-31,1,3.3,3.4,3.7,4.6,,6.0,6.5,6.8,7.5
1992-12-31,2,3.4,3.6,3.9,4.75,,6.1,6.5,6.9,7.5
1992-12-31,3,3.6,3.8,4.0,4.9,,6.2,6.7,7.0,7.6
1992-12-31,4,3.8,4.0,4.2,5.0,,6.4,6.8,7.1,7.7
1992-12-31,5,4.1,4.2,4.4,5.2,,6.5,6.9,7.2,7.8
1993-03-31,1,3.0,3.2,3.3,4.0,,5.2,5.7,6.0,6.8
1993-03-31,2,3.1,3.3,3.5,4.2,,5.4,5.8,6.1,6.9
1993-03-31,3,3.3,3.5,3.7,4.4,,5.5,5.9,6.2,7.0
1993-03-31,4,3.6,3.7,3.9,4.6,,5.7,6.1,6.4,7.1
1993-03-31,5,3.7,3.8,4.1,4.8,,5.8,6.2,6.5,7.2
1993-06-30,1,3.1,3.3,3.5,4.2,4.5,5.3,,6.0,6.9
1993-06-30,2,3.3,3.5,3.6,4.3,4.7,5.4,,6.1,6.9
1993-06-30,3,3.5,3.6,3.8,4.5,4.8,5.5,,6.2,7.0
1993-06-30,4,3.6,3.8,4.0,4.6,5.0,5.65,,6.3,7.1
1993-06-30,5,3.8,3.9,4.1,4.7,5.1,5.75,,6.3,7.1
1993-09-30,1,3.0,3.2,3.4,3.9,4.2,4.8,,5.4,6.0
1993-09-30,2,3.1,3.3,3.5,4.0,4.3,4.9,,5.5,6.1
1993-09-30,3,3.4,3.5,3.7,4.1,4.4,5.0,,5.6,6.1
1993-09-30,4,3.5,3.6,3.8,4.3,4.5,5.1,,5.6,6.2
1993-09-30,5,3.7,3.8,4.0,4.4,4.6,5.2,,5.7,6.25
1993-12-31,1,3.2,3.3499999999999996,3.6,4.2,4.5,5.1,,5.7,6.2
1993-12-31,2,3.3,3.5,3.7,4.3,4.6,5.2,,5.8,6.2
1993-12-31,3,3.5,3.6,3.9,4.45,4.8,5.3,,5.8,6.3
1993-12-31,4,3.6,3.8,4.05,4.6,4.9,5.4,,5.9,6.3
1993-12-31,5,3.8,4.0,4.2,4.7,5.0,5.4,,6.0,6.4
1994-03-31,1,3.6,3.9,4.3,5.0,5.4,5.9,,6.4,6.9
1994-03-31,2,3.8,4.1,4.4,5.1,5.5,6.0,,6.5,6.9
1994-03-31,3,4.0,4.3,4.6,5.3,5.6,6.1,,6.5,6.9
1994-03-31,4,4.2,4.4,4.7,5.3,5.6,6.1,,6.5,6.95
1994-03-31,5,4.3,4.5,4.9,5.35,5.65,6.2,,6.6,7.0
1994-06-30,1,4.4,4.8,5.3,6.0,6.3,6.7,,7.1,7.4
1994-06-30,2,4.6,5.0,5.4,6.0,6.4,6.8,,7.1,7.4
1994-06-30,3,4.7,5.1,5.4,6.1,6.3,6.8,,7.1,7.4
1994-06-30,4,4.9,5.2,5.6,6.1,6.4,6.8,,7.1,7.4
1994-06-30,5,5.0,5.3,5.7,6.2,6.5,6.9,,7.2,7.5
1994-09-30,1,5.0,5.4,5.9,6.5,6.8,7.15,,7.5,7.7
1994-09-30,2,5.3,5.6,6.1,6.7,6.9,7.3,,7.55,7.8
1994-09-30,3,5.5,5.8,6.2,6.7,6.9,7.3,,7.6,7.9
1994-09-30,4,5.55,5.95,6.35,6.85,6.95,7.35,,7.7,7.95
1994-09-30,5,5.7,6.0,6.4,6.85,7.05,7.45,,7.7,7.95
1994-12-31,1,6.0,6.6,7.1,7.6,7.7,7.9,,8.0,8.1
1994-12-31,2,6.5,6.9,7.3,7.8,7.9,8.0,,8.0,8.1
1994-12-31,3,6.7,7.1,7.4,7.8,7.9,7.9,,7.9,8.0
1994-12-31,4,6.7,6.9,7.3,7.6,7.75,7.8,,7.8,7.8
1994-12-31,5,6.6,6.8,7.3,7.6,7.6,7.8,,7.7,7.8
1995-03-31,1,6.1,6.3,6.6,6.9,7.0,7.2,,7.3,7.5
1995-03-31,2,6.4,6.6,6.8,7.0,7.1,7.25,,7.3,7.5
1995-03-31,3,6.45,6.6,6.8,6.9,7.0,7.1,,7.25,7.5
1995-03-31,4,6.25,6.4,6.6,6.9,6.95,7.1,,7.15,7.35
1995-03-31,5,6.1,6.3,6.5,6.7,6.85,7.0,,7.1,7.3
1995-06-30,1,5.5,5.6,5.6,5.7,5.8,5.9,,6.2,6.5
1995-06-30,2,5.45,5.5,5.6,5.7,5.8,5.9,,6.2,6.5
1995-06-30,3,5.4,5.5,5.6,5.7,5.8,5.85,,6.25,6.5
1995-06-30,4,5.3,5.4,5.5,5.6,5.7,5.9,,6.2,6.5
1995-06-30,5,5.25,5.4,5.5,5.8,5.85,6.05,,6.2,6.65
1995-09-30,1,5.4,5.6,5.7,5.9,6.0,6.1,,6.3,6.6
1995-09-30,2,5.4,5.5,5.7,5.8,5.9,6.1,,6.3,6.6
1995-09-30,3,5.4,5.5,5.6,5.8,5.9,6.1,,6.3,6.6
1995-09-30,4,5.4,5.6,5.7,5.8,5.9,6.1,,6.2,6.5
1995-09-30,5,5.5,5.6,5.7,5.85,6.0,6.1,,6.3,6.5
1995-12-31,1,5.2,5.25,5.3,5.3,5.4,5.5,,5.7,6.0
1995-12-31,2,5.0,5.1,5.2,5.3,5.3,5.5,,5.7,5.9
1995-12-31,3,5.0,5.1,5.1,5.25,5.3,5.5,,5.7,5.9
1995-12-31,4,4.9,5.0,5.1,5.2,5.3,5.5,,5.7,6.0
1995-12-31,5,4.9,5.05,5.15,5.3,5.4,5.55,,5.7,5.9
1996-03-31,1,5.0,5.2,5.3,5.6,5.7,5.85,,6.2,6.5
1996-03-31,2,4.9,5.0,5.2,5.5,5.6,5.7,,6.1,6.4
1996-03-31,3,4.8,5.0,5.2,5.3,5.45,5.7,,6.0,6.3
1996-03-31,4,4.8,4.9,5.1,5.3,5.4,5.6,,5.9,6.2
1996-03-31,5,4.8,4.9,5.1,5.35,5.4,5.6,,5.9,6.3
1996-06-30,1,5.3,5.5,5.8,6.3,6.5,6.7,,6.9,7.1
1996-06-30,2,5.4,5.6,5.8,6.3,6.35,6.6,,6.8,6.9
1996-06-30,3,5.4,5.5,5.7,6.1,6.3,6.4,,6.6,6.8
1996-06-30,4,5.2,5.4,5.6,6.0,6.1,6.35,,6.5,6.7
1996-06-30,5,5.2,5.3,5.6,5.9,6.1,6.3,,6.4,6.7
1996-09-30,1,5.3,5.5,5.8,6.2,6.3,6.5,,6.7,6.9
1996-09-30,2,5.3,5.5,5.8,6.2,6.4,6.5,,6.7,6.8
1996-09-30,3,5.4,5.6,5.8,6.1,6.3,6.45,,6.6,6.8
1996-09-30,4,5.3,5.5,5.6,6.0,6.2,6.4,,6.6,6.8
1996-09-30,5,5.2,5.3,5.6,5.9,6.1,6.25,,6.4,6.6
1996-12-31,1,5.1,5.2,5.5,5.8,5.9,6.1,,6.3,6.5
1996-12-31,2,5.1,5.2,5.45,5.8,5.9,6.1,,6.3,6.5
1996-12-31,3,5.1,5.2,5.5,5.8,5.9,6.1,,6.3,6.5
1996-12-31,4,5.1,5.2,5.4,5.7,5.8,6.0,,6.2,6.5
1996-12-31,5,4.95,5.1,5.3,5.6,5.7,6.0,,6.2,6.5
1996-12-31,6,4.95,5.2,5.4,5.7,5.8,6.0,,6.25,6.5
1997-03-31,1,5.4,5.6,5.9,6.3,6.5,6.6,,6.8,7.0
1997-03-31,2,5.5,5.7,6.0,6.3,6.5,6.6,,6.7,6.9
1997-03-31,3,5.6,5.8,6.0,6.2,6.3,6.55,,6.7,6.8
1997-03-31,4,5.5,5.7,5.9,6.2,6.3,6.5,,6.6,6.8
1997-03-31,5,5.4,5.5,5.8,6.1,6.3,6.4,,6.5,6.7
1997-03-31,6,5.2,5.4,5.7,6.0,6.1,6.3,,6.4,6.6
1997-06-30,1,5.3,5.5,5.8,6.2,6.3,6.4,,6.6,6.8
1997-06-30,2,5.4,5.6,5.9,6.3,6.4,6.5,,6.6,6.8
1997-06-30,3,5.4,5.6,5.8,6.2,6.3,6.4,,6.6,6.7
1997-06-30,4,5.3,5.5,5.8,6.1,6.2,6.3,,6.4,6.6
1997-06-30,5,5.2,5.4,5.7,6.0,6.1,6.2,,6.3,6.5
1997-06-30,6,5.2,5.4,5.7,6.0,6.1,6.15,,6.3,6.5
1997-09-30,1,5.2,5.4,5.6,6.0,6.0,6.2,,6.3,6.6
1997-09-30,2,5.4,5.5,5.8,6.1,6.2,6.3,,6.4,6.6
1997-09-30,3,5.3,5.5,5.7,6.0,6.1,6.2,,6.3,6.5
1997-09-30,4,5.3,5.45,5.6,5.9,6.0,6.1,,6.2,6.5
1997-09-30,5,5.2,5.3,5.6,5.8,5.9,6.1,,6.2,6.4
1997-09-30,6,5.2,5.3,5.5,5.7,5.9,6.0,,6.2,6.4
1997-12-31,1,5.2,5.3,5.4,5.7,5.7,5.8,,5.8,6.0
1997-12-31,2,5.2,5.3,5.4,5.6,5.7,5.8,,5.8,6.0
1997-12-31,3,5.1,5.3,5.4,5.6,5.7,5.8,,5.9,6.0
1997-12-31,4,5.1,5.2,5.35,5.6,5.7,5.8,,5.8,6.0
1997-12-31,5,5.0,5.2,5.3,5.45,5.55,5.7,,5.7,5.95
1997-12-31,6,5.0,5.1,5.2,5.4,5.5,5.6,,5.7,6.0
1998-03-31,1,5.2,5.3,5.4,5.5,5.5,5.5,,5.65,5.9
1998-03-31,2,5.2,5.3,5.4,5.5,5.5,5.6,,5.6,5.9
1998-03-31,3,5.1,5.2,5.35,5.5,5.5,5.6,,5.7,5.9
1998-03-31,4,5.05,5.2,5.3,5.35,5.4,5.6,,5.6,5.9
1998-03-31,5,5.0,5.1,5.2,5.35,5.5,5.6,,5.6,5.85
1998-03-31,6,5.0,5.0,5.15,5.3,5.4,5.5,,5.6,5.85
1998-06-30,1,5.1,5.3,5.4,5.5,5.5,5.5,,5.6,5.8
1998-06-30,2,5.1,5.3,5.4,5.5,5.5,5.6,,5.6,5.8
1998-06-30,3,5.1,5.3,5.4,5.5,5.5,5.6,,5.6,5.8
1998-06-30,4,5.1,5.2,5.4,5.45,5.6,5.6,,5.65,5.8
1998-06-30,5,5.1,5.2,5.3,5.4,5.5,5.6,,5.6,5.8
1998-06-30,6,5.1,5.15,5.3,5.4,5.4,5.55,,5.6,5.7
1998-09-30,1,4.8,4.8,4.8,4.8,4.8,4.8,,4.9,5.2
1998-09-30,2,4.6,4.7,4.7,4.7,4.7,4.8,,4.9,5.2
1998-09-30,3,4.6,4.6,4.7,4.7,4.8,4.85,,4.9,5.2
1998-09-30,4,4.6,4.6,4.7,4.8,4.8,4.85,,5.0,5.3
1998-09-30,5,4.6,4.6,4.7,4.8,4.9,5.0,,5.1,5.3
1998-09-30,6,4.6,4.65,4.7,4.8,4.95,5.0,,5.1,5.2
1998-12-31,1,4.4,4.4,4.5,4.4,,4.4,,4.7,5.0
1998-12-31,2,4.2,4.3,4.3,4.4,,4.5,,4.6,5.0
1998-12-31,3,4.1,4.25,4.4,4.4,,4.5,,4.6,5.0
1998-12-31,4,4.1,4.2,4.3,4.5,,4.5,,4.7,5.1
1998-12-31,5,4.05,4.2,4.3,4.5,,4.6,,4.7,5.1
1998-12-31,6,4.2,4.3,4.4,4.6,,4.6,,4.9,5.2
1999-03-31,1,4.5,4.6,4.7,5.0,,5.1,,5.2,5.5
1999-03-31,2,4.5,4.6,4.7,5.0,,5.05,,5.2,5.5
1999-03-31,3,4.4,4.6,4.7,4.9,,5.0,,5.1,5.35
1999-03-31,4,4.45,4.6,4.65,4.9,,5.0,,5.1,5.35
1999-03-31,5,4.4,4.5,4.65,4.85,,5.0,,5.05,5.3
1999-03-31,6,4.55,4.7,4.75,4.9,,5.05,,5.15,5.4
1999-06-30,1,4.8,5.0,5.1,5.6,,5.7,,5.9,6.0
1999-06-30,2,4.85,5.0,5.1,5.6,,5.7,,5.8,6.0
1999-06-30,3,4.8,5.0,5.2,5.5,,5.6,,5.8,5.9
1999-06-30,4,4.9,5.0,5.1,5.5,,5.6,,5.8,5.9
1999-06-30,5,4.9,4.9,5.2,5.4,,5.6,,5.7,5.8
1999-06-30,6,4.85,5.0,5.2,5.4,,5.6,,5.7,5.8
1999-09-30,1,4.9,5.1,5.3,5.7,,5.8,,5.9,6.1
1999-09-30,2,5.0,5.2,5.35,5.7,,5.8,,5.9,6.05
1999-09-30,3,5.0,5.15,5.3,5.6,,5.8,,5.8,6.0
1999-09-30,4,5.1,5.2,5.3,5.6,,5.7,,5.8,6.0
1999-09-30,5,5.1,5.2,5.3,5.6,,5.7,,5.8,6.0
1999-09-30,6,5.0,5.2,5.3,5.6,,5.75,,5.95,6.05
1999-12-31,1,5.4,5.6,5.8,6.1,,6.2,,6.3,6.4
1999-12-31,2,5.6,5.8,5.9,6.1,,6.3,,6.3,6.4
1999-12-31,3,5.7,5.8,6.0,6.2,,6.3,,6.3,6.4
1999-12-31,4,5.7,5.8,6.0,6.2,,6.2,,6.2,6.3
1999-12-31,5,5.55,5.7,5.8,6.05,,6.1,,6.2,6.3
1999-12-31,6,5.45,5.65,5.75,5.9,,5.95,,6.0,6.2
2000-03-31,1,6.0,6.2,6.4,6.6,,6.6,,6.4,6.2
2000-03-31,2,6.2,6.3,6.5,6.6,,6.6,,6.4,6.2
2000-03-31,3,6.2,6.3,6.4,6.5,,6.5,,6.4,6.2
2000-03-31,4,6.1,6.2,6.4,6.4,,6.4,,6.3,6.2
2000-03-31,5,6.0,6.2,6.3,6.4,,6.35,,6.3,6.15
2000-03-31,6,6.0,6.1,6.2,6.3,,6.3,,6.2,6.1
2000-06-30,1,6.1,6.3,6.4,6.6,,6.5,,6.3,6.05
2000-06-30,2,6.2,6.5,6.5,6.7,,6.6,,6.3,6.1
2000-06-30,3,6.25,6.4,6.4,6.7,,6.55,,6.3,6.0
2000-06-30,4,6.2,6.4,6.4,6.6,,6.5,,6.3,6.0
2000-06-30,5,6.1,6.2,6.3,6.55,,6.5,,6.15,6.0
2000-06-30,6,6.0,6.1,6.2,6.5,,6.4,,6.1,6.0
2000-09-30,1,6.2,6.2,6.15,6.2,,6.0,,5.9,5.9
2000-09-30,2,6.2,6.2,6.1,6.2,,6.0,,5.9,5.9
2000-09-30,3,6.1,6.2,6.1,6.2,,6.0,,5.9,5.9
2000-09-30,4,6.0,6.0,6.0,6.1,,6.0,,5.9,5.8
2000-09-30,5,6.0,6.0,5.9,6.05,,6.0,,5.85,5.8
2000-09-30,6,6.0,6.0,6.0,6.0,,6.0,,5.8,5.8
2000-12-31,1,5.8,5.85,5.6,5.4,,5.275,,5.3,5.47
2000-12-31,2,5.7,5.7,5.5,5.33,,5.3,,5.3,5.5
2000-12-31,3,5.6,5.6,5.5,5.35,,5.3,,5.4,5.5
2000-12-31,4,5.6,5.574999999999999,5.45,5.45,,5.475,,5.5,5.6
2000-12-31,5,5.5,5.57,5.5,5.45,,5.5,,5.5,5.5
2001-03-31,1,4.25,4.2,4.2,4.2,,4.479996,,4.8,5.25
2001-03-31,2,4.085,4.1,4.1,4.2,,4.4,,4.824999999999999,5.2
2001-03-31,3,4.1,4.136392,4.2,4.3,,4.6,,4.893078147080001,5.3
2001-03-31,4,4.2,4.26,4.37,4.45,,4.7,,5.0,5.4
2001-03-31,5,4.334477022781667,4.45,4.55,4.7,,4.83,,5.109999999999999,5.5
2001-06-30,1,3.35,3.4450000000000003,3.5,4.0,,4.61,,5.2,5.6
2001-06-30,2,3.3,3.4,3.55,4.1,,4.7,,5.3,5.6
2001-06-30,3,3.4,3.5,3.7,4.2,,4.8,,5.4,5.7
2001-06-30,4,3.58,3.7,3.83,4.380000000000001,,4.9,,5.5,5.8
2001-06-30,5,3.8,3.885,4.05,4.6,,5.1,,5.5,5.9
2001-09-30,1,2.2,2.33,2.5,2.74,,3.75,,4.6,5.4
2001-09-30,2,2.1,2.3,2.5,2.7,,3.8,,4.7,5.5
2001-09-30,3,2.3,2.505,2.75,3.0,,4.1,,4.8,5.5
2001-09-30,4,2.6,2.8049999999999997,3.13,3.3,,4.3,,5.0,5.6
2001-09-30,5,2.9,3.2,3.48,3.7,,4.5,,5.1,5.7
2001-12-31,1,1.7,1.8,2.175,2.98,,4.23,,4.9,5.4
2001-12-31,2,1.7,1.9,2.275,3.1,,4.3,,5.0,5.44
2001-12-31,3,2.02,2.3,2.6,3.3,,4.5,,5.14,5.55
2001-12-31,4,2.5,2.645,2.9299999999999997,3.6,,4.65,,5.3,5.69
2001-12-31,5,2.84,3.02,3.3,3.9,,4.95,,5.5,5.8
2002-03-31,1,1.9,2.1,2.57,3.6,,4.8,,5.4,5.795
2002-03-31,2,2.2,2.4,2.8,3.885,,4.9,,5.5,5.835
2002-03-31,3,2.6,2.8,3.25,4.1,,5.05,,5.5,5.970000000000001
2002-03-31,4,3.15,3.385,3.7,4.34,,5.2,,5.7,6.05
2002-03-31,5,3.4,3.63,4.0,4.5,,5.31,,5.8,6.109999999999999
2002-06-30,1,1.8,1.93,2.4,3.2,,4.3,,5.0,5.6
2002-06-30,2,2.12,2.27,2.7,3.47,,4.5,,5.2,5.79
2002-06-30,3,2.5,2.6,3.1,3.85,,4.824999999999999,,5.4,5.9
2002-06-30,4,2.9,3.1,3.5,4.2,,5.175000000000001,,5.6,6.035
2002-06-30,5,3.3,3.5,3.88,4.41,,5.3,,5.75,6.15
2002-09-30,1,1.7,1.7,1.855,2.13,,3.075,,4.0,4.9
2002-09-30,2,1.76,1.81,2.06,2.4,,3.49,,4.375,5.115
2002-09-30,3,2.05,2.205,2.3499999999999996,2.785,,3.7,,4.609999999999999,5.265000000000001
2002-09-30,4,2.495,2.6,2.71,3.22,,4.165,,4.890000000000001,5.5
2002-09-30,5,2.9,3.045,3.175,3.585,,4.49,,5.1,5.675000000000001
2002-12-31,1,1.2349999999999999,1.3,1.5,1.91,,3.1,,4.1,5.1
2002-12-31,2,1.3,1.4,1.6,2.1,,3.25,,4.2,5.115
2002-12-31,3,1.5350000000000001,1.68,1.9,2.45,,3.545,,4.5,5.3
2002-12-31,4,1.9849999999999999,2.1550000000000002,2.355,2.95,,3.9050000000000002,,4.78,5.5
2002-12-31,5,2.5,2.615,2.855,3.255,,4.11,,4.95,5.705
2003-03-31,1,1.2,1.2,1.39,1.7349999999999999,,3.0,,4.0,5.0
2003-03-31,2,1.2,1.3,1.46,1.9449999999999998,,3.2,,4.25,5.1
2003-03-31,3,1.4,1.51,1.75,2.26,,3.5,,4.475,5.3
2003-03-31,4,1.75,1.91,2.1,2.6500000000000004,,3.75,,4.665,5.5
2003-03-31,5,2.275,2.475,2.6,3.115,,4.1,,4.890000000000001,5.7
2003-06-30,1,0.9,0.995,1.1,1.3,,2.35,,3.5,4.5
2003-06-30,2,1.0,1.02,1.2,1.44,,2.5,,3.6,4.56
2003-06-30,3,1.1,1.2,1.3650000000000002,1.65,,2.73,,3.8,4.7
2003-06-30,4,1.4,1.55,1.8,2.0,,3.0,,4.0,4.82
2003-06-30,5,1.75,1.98,2.185,2.35,,3.3,,4.3,5.05
2003-09-30,1,1.0,1.1,1.3,1.8,,3.3,,4.4,5.3
2003-09-30,2,1.05,1.1549999999999998,1.38,1.9,,3.41,,4.5,5.38
2003-09-30,3,1.15,1.33,1.6,2.1,,3.6,,4.63,5.5
2003-09-30,4,1.5,1.65,2.0,2.5,,3.75,,4.83,5.6
2003-09-30,5,1.9,2.1100000000000003,2.4,2.78,,3.95,,5.0,5.8
2003-12-31,1,1.0,1.1,1.39,2.0,,3.4,,4.45,5.3
2003-12-31,2,1.1,1.2,1.545,2.2,,3.53,,4.6,5.45
2003-12-31,3,1.45,1.6,1.875,2.5,,3.8,,4.8,5.6
2003-12-31,4,1.78,1.9,2.1550000000000002,2.9,,4.07,,5.015000000000001,5.8
2003-12-31,5,2.2,2.3,2.62,3.3,,4.375,,5.24,5.98
2004-03-31,1,0.965,1.0550000000000002,1.25,1.7,,2.975,,4.0,4.9
2004-03-31,2,1.0150000000000001,1.16,1.4,1.9,,3.13,,4.2,5.0
2004-03-31,3,1.255,1.4649999999999999,1.7,2.2,,3.425,,4.445,5.2
2004-03-31,4,1.68,1.86,2.075,2.6,,3.8,,4.8,5.5
2004-03-31,5,2.075,2.2,2.47,3.0,,4.2,,5.05,5.7
2004-06-30,1,1.5,1.75,2.2,2.9,,4.1,,4.9,5.67
2004-06-30,2,1.9,2.1550000000000002,2.6,3.2,,4.35,,5.109999999999999,5.765
2004-06-30,3,2.3,2.6,2.97,3.525,,4.6,,5.3,5.975
2004-06-30,4,2.6900000000000004,2.925,3.39,3.92,,4.8,,5.4399999999999995,6.195
2004-06-30,5,3.1,3.325,3.72,4.25,,5.1,,5.6,6.25
2004-09-30,1,1.95,2.15,2.4,2.85,,3.7,,4.4,5.1
2004-09-30,2,2.28,2.46,2.73,3.185,,4.074999999999999,,4.65,5.3
2004-09-30,3,2.61,2.77,3.0,3.45,,4.31,,4.87,5.5
2004-09-30,4,3.0,3.2,3.4,3.785,,4.5,,5.11,5.7
2004-09-30,5,3.29,3.49,3.7,4.05,,4.734999999999999,,5.26,5.83
2004-12-31,1,2.5,2.7,2.9,3.26,,3.88,,4.45,5.1
2004-12-31,2,2.85,3.0,3.24,3.6,,4.165,,4.7,5.3100000000000005
2004-12-31,3,3.25,3.4,3.6,3.9,,4.475,,5.0,5.5649999999999995
2004-12-31,4,3.5,3.7,3.84,4.155,,4.625,,5.1,5.66
2004-12-31,5,3.8,3.9,4.06,4.285,,4.775,,5.2,5.7
2005-03-31,1,3.0,3.25,3.5,3.825,,4.28,,4.635,5.01
2005-03-31,2,3.49,3.66,3.89,4.125,,4.52,,4.85,5.3
2005-03-31,3,3.7,3.91,4.125,4.35,,4.7,,5.0,5.5
2005-03-31,4,3.94,4.1,4.25,4.55,,4.89,,5.13,5.6
2005-03-31,5,4.1,4.25,4.4,4.63,,5.0,,5.3,5.7
2005-06-30,1,3.4,3.6,3.75,4.0,,4.17,,4.390000000000001,4.7
2005-06-30,2,3.7,3.88,4.02,4.2,,4.4,,4.615,4.975
2005-06-30,3,3.9,4.0649999999999995,4.2,4.4,,4.6,,4.8,5.13
2005-06-30,4,4.1,4.225,4.335,4.5,,4.7,,4.9,5.23
2005-06-30,5,4.16,4.3,4.425000000000001,4.535,,4.755,,4.970000000000001,5.234999999999999
2005-09-30,1,3.92,4.08,4.15,4.244999999999999,,4.365,,4.484999999999999,4.71
2005-09-30,2,4.1850000000000005,4.3,4.395,4.465,,4.55,,4.675000000000001,4.89
2005-09-30,3,4.34,4.445,4.525,4.65,,4.76,,4.8,5.0
2005-09-30,4,4.4,4.55,4.574999999999999,4.7,,4.8,,4.885,5.0
2005-09-30,5,4.365,4.55,4.654999999999999,4.7,,4.835,,4.9,5.15
2005-12-31,1,4.35,4.51,4.605,4.695,,4.7,,4.755,4.98
2005-12-31,2,4.6,4.7,4.8,4.824999999999999,,4.875,,4.93,5.15
2005-12-31,3,4.635,4.8,4.835,4.880000000000001,,5.0,,5.0,5.25
2005-12-31,4,4.605,4.8,4.845,4.92,,5.0,,5.0,5.3
2005-12-31,5,4.5,4.7,4.75,4.86,,4.86,,5.1,5.335
2006-03-31,1,4.8,4.9,4.95,4.9,,4.89,,4.89,4.925000000000001
2006-03-31,2,4.9,5.0,5.06,5.0,,4.98,,5.0,5.08
2006-03-31,3,4.9,5.0,5.05,5.0,,5.0,,5.0,5.1
2006-03-31,4,4.82,4.95,5.025,5.0,,5.0,,5.08,5.1
2006-03-31,5,4.8,4.9,4.92,5.0,,5.0,,5.0,5.1
2006-06-30,1,5.1899999999999995,5.3,5.369999999999999,5.3,,5.3,,5.3,5.3
2006-06-30,2,5.3,5.415,5.4,5.375,,5.380000000000001,,5.324999999999999,5.4
2006-06-30,3,5.24,5.37,5.39,5.31,,5.3,,5.35,5.4
2006-06-30,4,5.03,5.220000000000001,5.31,5.25,,5.3,,5.3,5.36
2006-06-30,5,4.905,5.0,5.11,5.015000000000001,,5.165,,5.265000000000001,5.359999999999999
2006-09-30,1,5.0,5.07,5.005,4.85,,4.78,,4.78,4.9
2006-09-30,2,4.965,5.07,5.0,4.9,,4.85,,4.83,4.96
2006-09-30,3,4.88,4.945,4.9399999999999995,4.8,,4.83,,4.85,5.0
2006-09-30,4,4.7,4.805,4.805,4.8,,4.77,,4.9,5.0
2006-09-30,5,4.6,4.73,4.720000000000001,4.75,,4.77,,4.95,5.085
2006-12-31,1,5.0,5.1,5.0,4.75,,4.605,,4.65,4.75
2006-12-31,2,4.94,5.07,5.0,4.8,,4.73,,4.75,4.86
2006-12-31,3,4.85,4.97,4.970000000000001,4.8,,4.755,,4.8,4.95
2006-12-31,4,4.7,4.8,4.83,4.78,,4.8,,4.88,5.02
2006-12-31,5,4.6,4.79,4.7,4.7,,4.8,,4.86,5.0
2007-03-31,1,5.1,5.11,5.0,4.7,,4.640000000000001,,4.68,4.8
2007-03-31,2,5.0,5.1,4.970000000000001,4.74,,4.675000000000001,,4.7,4.83
2007-03-31,3,4.99,5.0,4.9,4.77,,4.7,,4.75,4.895
2007-03-31,4,4.9,4.970000000000001,4.9,4.75,,4.73,,4.8,4.9350000000000005
2007-03-31,5,4.824999999999999,4.9,4.824999999999999,4.69,,4.7,,4.8,5.0
2007-06-30,1,4.85,5.0,5.0,5.0,,5.0,,5.140000000000001,5.235
2007-06-30,2,4.9,5.0,5.0,5.05,,5.08,,5.15,5.275
2007-06-30,3,4.9,5.0,5.03,5.03,,5.1,,5.2,5.3
2007-06-30,4,4.9,5.0,5.01,5.0,,5.1,,5.2,5.38
2007-06-30,5,4.9,5.025,5.05,5.0,,5.1,,5.25,5.4
2007-09-30,1,4.0,4.105,4.11,4.1,,4.3,,4.6,4.8
2007-09-30,2,4.0,4.165,4.18,4.2,,4.4,,4.640000000000001,4.85
2007-09-30,3,4.09,4.2,4.2,4.2,,4.43,,4.7,4.9
2007-09-30,4,4.13,4.245,4.3,4.39,,4.56,,4.8,5.02
2007-09-30,5,4.2,4.305,4.36,4.475,,4.665,,4.9,5.154999999999999
2007-12-31,1,3.16,3.37,3.325,3.25,,3.53,,4.1,4.5
2007-12-31,2,3.26,3.4,3.4,3.315,,3.63,,4.15,4.5
2007-12-31,3,3.3,3.475,3.5,3.475,,3.8,,4.28,4.56
2007-12-31,4,3.33,3.56,3.55,3.6,,4.0,,4.35,4.665
2007-12-31,5,3.6,3.75,3.76,3.79,,4.2,,4.5,4.78
2008-03-31,1,1.37,1.5,1.55,1.66,,2.5,,3.5,4.3
2008-03-31,2,1.4,1.57,1.63,1.75,,2.53,,3.5599999999999996,4.33
2008-03-31,3,1.435,1.7,1.79,1.9,,2.75,,3.66,4.41
2008-03-31,4,1.6,1.815,2.0,2.215,,2.95,,3.83,4.5
2008-03-31,5,1.9,2.1799999999999997,2.375,2.5,,3.2,,4.0,4.63
2008-06-30,1,1.89,2.15,2.33,2.75,,3.4,,4.1,4.7
2008-06-30,2,1.9,2.18,2.4,2.7,,3.47,,4.16,4.7
2008-06-30,3,2.065,2.32,2.5,2.9,,3.64,,4.225,4.76
2008-06-30,4,2.25,2.6,2.8,3.15,,3.75,,4.37,4.9
2008-06-30,5,2.7,2.98,3.1,3.325,,3.96,,4.53,5.005
2008-09-30,1,1.5,1.8,2.0549999999999997,2.255,,3.0,,3.76,4.355
2008-09-30,2,1.58,1.9,2.1,2.315,,3.0,,3.8,4.42
2008-09-30,3,1.77,2.0,2.25,2.53,,3.21,,3.93,4.48
2008-09-30,4,2.1,2.375,2.5,2.775,,3.4,,4.09,4.6
2008-09-30,5,2.45,2.685,2.975,3.1,,3.6,,4.275,4.705
2008-12-31,1,0.1,0.25,0.5,0.75,,1.415,,2.3,2.8449999999999998
2008-12-31,2,0.155,0.3,0.6,0.9,,1.6,,2.5,3.01
2008-12-31,3,0.2,0.4,0.76,1.1,,1.82,,2.6950000000000003,3.15
2008-12-31,4,0.32999999999999996,0.61,0.9,1.34,,2.075,,2.85,3.425
2008-12-31,5,0.7250000000000001,0.97,1.25,1.72,,2.4,,3.1950000000000003,3.7
2009-03-31,1,0.22999999999999998,0.43,0.6,0.9,,1.8,,2.7,3.5949999999999998
2009-03-31,2,0.28500000000000003,0.46,0.65,1.0,,1.88,,2.72,3.625
2009-03-31,3,0.3,0.5,0.7,1.1,,2.0,,2.87,3.7
2009-03-31,4,0.4,0.68,0.95,1.275,,2.2,,3.1,3.93
2009-03-31,5,0.5,0.8,1.2,1.5,,2.46,,3.3,4.03
2009-06-30,1,0.2,0.35,0.565,1.2,,2.6,,3.68,4.4
2009-06-30,2,0.23,0.4,0.66,1.25,,2.7,,3.7350000000000003,4.49
2009-06-30,3,0.3,0.5,0.77,1.45,,2.82,,3.9,4.58
2009-06-30,4,0.45999999999999996,0.78,1.0,1.65,,3.0,,4.0,4.7
2009-06-30,5,0.77,1.0,1.25,1.97,,3.1,,4.1,4.8
2009-09-30,1,0.2,0.3,0.5,1.1,,2.5,,3.5949999999999998,4.35
2009-09-30,2,0.215,0.38,0.63,1.2,,2.65,,3.715,4.45
2009-09-30,3,0.31,0.5,0.8200000000000001,1.4,,2.8,,3.83,4.59
2009-09-30,4,0.59,0.75,1.105,1.7,,3.0,,4.0,4.775
2009-09-30,5,0.98,1.14,1.475,2.005,,3.2,,4.2,4.9
2009-12-31,1,0.115,0.25,0.4,0.995,,2.4,,3.6,4.5
2009-12-31,2,0.2,0.37,0.585,1.16,,2.605,,3.75,4.6
2009-12-31,3,0.4,0.6,0.9,1.45,,2.875,,3.9,4.75
2009-12-31,4,0.72,0.9650000000000001,1.25,1.9,,3.105,,4.2,4.9
2009-12-31,5,1.21,1.4,1.66,2.25,,3.35,,4.3,5.0
2010-03-31,1,0.15,0.27,0.45,1.1,,2.5,,3.7800000000000002,4.63
2010-03-31,2,0.24,0.39,0.63,1.3,,2.7,,3.9,4.75
2010-03-31,3,0.53,0.665,0.9,1.6,,2.9,,4.1,4.88
2010-03-31,4,0.85,1.115,1.355,1.895,,3.1950000000000003,,4.27,4.970000000000001
2010-03-31,5,1.3,1.47,1.75,2.3,,3.4,,4.41,5.1
2010-06-30,1,0.17,0.25,0.4,0.85,,2.13,,3.34,4.265000000000001
2010-06-30,2,0.2,0.3,0.5,1.03,,2.38,,3.5,4.359999999999999
2010-06-30,3,0.42500000000000004,0.6,0.84,1.38,,2.63,,3.78,4.574999999999999
2010-06-30,4,0.75,1.0,1.31,1.79,,2.99,,4.0,4.8
2010-06-30,5,1.3,1.51,1.7850000000000001,2.225,,3.23,,4.2,4.88
2010-09-30,1,0.16,0.2,0.3,0.58,,1.5,,2.71,3.83
2010-09-30,2,0.18,0.25,0.395,0.65,,1.65,,2.8,3.9
2010-09-30,3,0.2,0.3,0.5,0.9,,1.8,,3.0,4.085
2010-09-30,4,0.4,0.565,0.8,1.2,,2.2,,3.275,4.3
2010-09-30,5,0.6,0.85,1.06,1.5,,2.5549999999999997,,3.5,4.48
2010-12-31,1,0.15,0.2,0.3,0.6,,1.9,,3.23,4.4
2010-12-31,2,0.18,0.22,0.34,0.7,,1.99,,3.3,4.455
2010-12-31,3,0.2,0.3,0.48,0.85,,2.2,,3.475,4.574999999999999
2010-12-31,4,0.3,0.41,0.63,1.08,,2.4,,3.725,4.705
2010-12-31,5,0.54,0.65,0.96,1.4,,2.6,,3.9,4.795
2011-03-31,1,0.15,0.2,0.3,0.745,,2.1900000000000004,,3.5,4.6
2011-03-31,2,0.2,0.25,0.4,0.87,,2.36,,3.65,4.7
2011-03-31,3,0.3,0.4,0.6,1.1,,2.565,,3.82,4.8
2011-03-31,4,0.5,0.7,0.915,1.46,,2.8,,3.95,4.9
2011-03-31,5,0.87,1.07,1.23,1.8,,3.0,,4.1,5.0
2011-06-30,1,0.1,0.155,0.26,0.6,,1.885,,3.1950000000000003,4.305
2011-06-30,2,0.15,0.2,0.39,0.8,,2.03,,3.3899999999999997,4.49
2011-06-30,3,0.21,0.365,0.6,1.1,,2.4,,3.6,4.63
2011-06-30,4,0.515,0.65,0.7949999999999999,1.4,,2.59,,3.8049999999999997,4.8
2011-06-30,5,0.9,1.05,1.35,1.85,,2.8,,4.06,4.99
2011-09-30,1,0.045,0.095,0.12,0.23,,1.0,,2.075,3.3
2011-09-30,2,0.05,0.1,0.195,0.3,,1.1,,2.2,3.4
2011-09-30,3,0.095,0.1,0.20500000000000002,0.4,,1.3,,2.33,3.46
2011-09-30,4,0.1,0.12,0.24,0.545,,1.4,,2.42,3.61
2011-09-30,5,0.1,0.16,0.3,0.66,,1.54,,2.6100000000000003,3.8
2011-12-31,1,0.03,0.07500000000000001,0.13,0.29,,0.98,,2.04,3.05
2011-12-31,2,0.05,0.1,0.15,0.3,,1.07,,2.13,3.15
2011-12-31,3,0.05,0.1,0.2,0.38,,1.2,,2.3,3.28
2011-12-31,4,0.06,0.11,0.20500000000000002,0.51,,1.315,,2.4,3.45
2011-12-31,5,0.1,0.14500000000000002,0.275,0.66,,1.5,,2.535,3.59
2012-03-31,1,0.095,0.13,0.2,0.35,,1.1,,2.2,3.3200000000000003
2012-03-31,2,0.1,0.15,0.2,0.38,,1.18,,2.3,3.3899999999999997
2012-03-31,3,0.1,0.15,0.22,0.42,,1.25,,2.4,3.5
2012-03-31,4,0.1,0.16,0.27,0.5,,1.4,,2.5,3.545
2012-03-31,5,0.10500000000000001,0.18,0.32,0.65,,1.5,,2.7,3.7
2012-06-30,1,0.095,0.15,0.2,0.3,,0.8,,1.71,2.8
2012-06-30,2,0.1,0.15,0.2,0.35,,0.9299999999999999,,1.9,3.0
2012-06-30,3,0.1,0.16,0.21,0.41,,1.05,,2.0,3.04
2012-06-30,4,0.1,0.165,0.25,0.5,,1.15,,2.15,3.225
2012-06-30,5,0.15,0.2,0.31,0.615,,1.33,,2.32,3.43
2012-09-30,1,0.1,0.14,0.2,0.28,,0.7,,1.75,2.9
2012-09-30,2,0.1,0.15,0.2,0.3,,0.8,,1.8,2.94
2012-09-30,3,0.1,0.15,0.21,0.345,,0.895,,1.9,3.03
2012-09-30,4,0.1,0.17,0.24,0.4,,0.96,,2.0,3.13
2012-09-30,5,0.12,0.2,0.28500000000000003,0.45,,1.045,,2.1,3.25
2012-12-31,1,0.1,0.14,0.18,0.28,,0.75,,1.755,2.895
2012-12-31,2,0.1,0.15,0.2,0.3,,0.815,,1.8,2.995
2012-12-31,3,0.1,0.15,0.2,0.35,,0.89,,1.9249999999999998,3.05
2012-12-31,4,0.1,0.18,0.24,0.4,,1.0,,2.0,3.215
2012-12-31,5,0.12,0.2,0.295,0.5,,1.1,,2.165,3.25
2013-03-31,1,0.1,0.12,0.18,0.29,,0.89,,2.02,3.17
2013-03-31,2,0.1,0.13,0.19,0.32,,1.0,,2.1,3.25
2013-03-31,3,0.1,0.15,0.20500000000000002,0.37,,1.05,,2.2,3.37
2013-03-31,4,0.1,0.16,0.25,0.405,,1.2,,2.35,3.5
2013-03-31,5,0.11,0.2,0.3,0.51,,1.315,,2.5,3.6
2013-06-30,1,0.08499999999999999,0.1,0.155,0.35,,1.3,,2.375,3.5
2013-06-30,2,0.1,0.12,0.2,0.4,,1.355,,2.49,3.5949999999999998
2013-06-30,3,0.1,0.15,0.2,0.495,,1.455,,2.6,3.6399999999999997
2013-06-30,4,0.12,0.18,0.295,0.55,,1.55,,2.7,3.7
2013-06-30,5,0.13,0.2,0.3,0.65,,1.7,,2.85,3.88
2013-09-30,1,0.05,0.1,0.15,0.4,,1.6,,2.8,3.8
2013-09-30,2,0.07,0.1,0.2,0.45,,1.7,,2.9,3.9
2013-09-30,3,0.1,0.12,0.2,0.58,,1.81,,3.05,4.0
2013-09-30,4,0.1,0.14,0.26,0.7,,1.935,,3.1100000000000003,4.1
2013-09-30,5,0.1,0.16,0.335,0.785,,2.03,,3.2,4.125
2013-12-31,1,0.07500000000000001,0.1,0.15,0.4,,1.55,,2.9,3.93
2013-12-31,2,0.095,0.13,0.2,0.5,,1.72,,3.045,4.0
2013-12-31,3,0.1,0.15,0.235,0.6,,1.86,,3.135,4.1
2013-12-31,4,0.1,0.16999999999999998,0.3,0.725,,2.0149999999999997,,3.25,4.25
2013-12-31,5,0.15,0.24,0.42,0.9,,2.11,,3.33,4.23
2014-03-31,1,0.065,0.1,0.15,0.45,,1.7349999999999999,,2.88,3.8
2014-03-31,2,0.09,0.125,0.195,0.56,,1.855,,3.1,3.95
2014-03-31,3,0.1,0.16,0.265,0.725,,2.025,,3.2,4.05
2014-03-31,4,0.14500000000000002,0.2,0.375,0.925,,2.215,,3.4,4.2
2014-03-31,5,0.21,0.32,0.55,1.1349999999999998,,2.4,,3.5,4.324999999999999
2014-06-30,1,0.05,0.095,0.15,0.51,,1.79,,2.775,3.6
2014-06-30,2,0.1,0.12,0.21000000000000002,0.725,,1.975,,3.0,3.85
2014-06-30,3,0.125,0.19,0.35,0.95,,2.1900000000000004,,3.225,4.0
2014-06-30,4,0.2,0.3,0.55,1.15,,2.4,,3.3,4.1
2014-06-30,5,0.4,0.57,0.86,1.4849999999999999,,2.6,,3.5,4.22
2014-09-30,1,0.05,0.1,0.16,0.64,,1.85,,2.7,3.41
2014-09-30,2,0.1,0.14500000000000002,0.25,0.85,,2.02,,2.82,3.5549999999999997
2014-09-30,3,0.23,0.33999999999999997,0.505,1.2,,2.27,,3.06,3.77
2014-09-30,4,0.54,0.64,0.895,1.47,,2.5,,3.25,3.995
2014-09-30,5,0.86,1.0,1.2,1.72,,2.7,,3.45,4.2
2014-12-31,1,0.07,0.11,0.22,0.7,,1.75,,2.4,3.09
2014-12-31,2,0.18,0.3,0.46,0.9,,1.9,,2.6,3.275
2014-12-31,3,0.49,0.61,0.8,1.24,,2.125,,2.76,3.4400000000000004
2014-12-31,4,0.8,0.91,1.1,1.59,,2.335,,3.0,3.585
2014-12-31,5,1.1,1.3,1.5,1.9,,2.57,,3.1950000000000003,3.8
2015-03-31,1,0.095,0.2,0.33,0.76,,1.6,,2.15,2.73
2015-03-31,2,0.3,0.43,0.6,1.0,,1.78,,2.325,2.91
2015-03-31,3,0.615,0.75,0.9,1.3050000000000002,,2.0,,2.5,3.0700000000000003
2015-03-31,4,0.9,1.08,1.23,1.6,,2.225,,2.68,3.29
2015-03-31,5,1.2,1.35,1.51,1.9,,2.43,,2.92,3.5
2015-06-30,1,0.1,0.2,0.395,0.835,,1.75,,2.4,3.13
2015-06-30,2,0.39,0.46,0.68,1.1,,1.94,,2.56,3.28
2015-06-30,3,0.7,0.78,0.98,1.4,,2.15,,2.77,3.45
2015-06-30,4,1.0,1.1,1.275,1.62,,2.375,,2.9400000000000004,3.6
2015-06-30,5,1.28,1.4,1.6,1.92,,2.54,,3.19,3.79
2015-09-30,1,0.15,0.255,0.485,0.85,,1.63,,2.3,3.05
2015-09-30,2,0.4,0.525,0.77,1.1,,1.9,,2.5,3.2
2015-09-30,3,0.6699999999999999,0.775,1.04,1.4,,2.1,,2.7,3.3
2015-09-30,4,0.935,1.0350000000000001,1.29,1.6,,2.3,,2.8899999999999997,3.45
2015-09-30,5,1.2,1.3050000000000002,1.59,1.9,,2.45,,3.02,3.6
2015-12-31,1,0.32,0.51,0.7,1.0550000000000002,,1.795,,2.4,3.1
2015-12-31,2,0.6,0.75,0.945,1.27,,1.96,,2.545,3.245
2015-12-31,3,0.835,1.0,1.16,1.48,,2.15,,2.7,3.375
2015-12-31,4,1.05,1.1549999999999998,1.345,1.68,,2.315,,2.8,3.43
2015-12-31,5,1.25,1.45,1.615,1.9,,2.5,,3.0,3.55
2016-03-31,1,0.39,0.55,0.7,0.95,,1.5,,2.0300000000000002,2.82
2016-03-31,2,0.6,0.735,0.89,1.13,,1.7,,2.245,3.0
2016-03-31,3,0.75,0.895,1.05,1.31,,1.84,,2.4,3.18
2016-03-31,4,0.95,1.08,1.275,1.5550000000000002,,2.02,,2.6,3.295
2016-03-31,5,1.225,1.35,1.525,1.81,,2.245,,2.8,3.505
2016-06-30,1,0.33,0.46,0.65,0.815,,1.3,,1.8,2.6
2016-06-30,2,0.5,0.635,0.8,1.0,,1.5,,2.0,2.8
2016-06-30,3,0.71,0.83,1.03,1.2,,1.665,,2.17,2.96
2016-06-30,4,0.89,1.0150000000000001,1.22,1.34,,1.82,,2.35,3.13
2016-06-30,5,1.1,1.2,1.35,1.52,,2.0,,2.5,3.215
2016-09-30,1,0.405,0.55,0.7,0.87,,1.25,,1.7,2.41
2016-09-30,2,0.585,0.735,0.85,1.05,,1.43,,1.895,2.6
2016-09-30,3,0.76,0.86,0.99,1.2,,1.56,,2.005,2.74
2016-09-30,4,0.9,0.98,1.11,1.35,,1.7,,2.1550000000000002,2.97
2016-09-30,5,0.99,1.15,1.23,1.4849999999999999,,1.88,,2.31,3.0
2016-12-31,1,0.6,0.74,0.95,1.25,,1.93,,2.5,3.15
2016-12-31,2,0.76,0.88,1.07,1.4,,2.065,,2.6,3.2
2016-12-31,3,0.95,1.09,1.28,1.565,,2.18,,2.7,3.35
2016-12-31,4,1.1,1.2,1.42,1.7,,2.34,,2.8,3.46
2016-12-31,5,1.29,1.39,1.615,1.835,,2.45,,2.96,3.6
2017-03-31,1,0.86,0.975,1.1,1.41,,2.09,,2.6,3.165
2017-03-31,2,1.05,1.13,1.315,1.6,,2.21,,2.7,3.3
2017-03-31,3,1.2,1.315,1.495,1.75,,2.34,,2.81,3.3899999999999997
2017-03-31,4,1.4,1.565,1.685,1.9449999999999998,,2.45,,2.9400000000000004,3.52
2017-03-31,5,1.57,1.705,1.8650000000000002,2.1,,2.635,,3.06,3.67
2017-06-30,1,1.08,1.2,1.31,1.5,,1.99,,2.4,3.0
2017-06-30,2,1.2,1.355,1.4849999999999999,1.67,,2.12,,2.59,3.2
2017-06-30,3,1.36,1.51,1.685,1.83,,2.3,,2.75,3.3600000000000003
2017-06-30,4,1.55,1.6549999999999998,1.885,2.05,,2.48,,2.9,3.51
2017-06-30,5,1.72,1.875,2.0949999999999998,2.2649999999999997,,2.665,,3.05,3.65
